{"entities":{"pages":{"F-Foundations-Week-1-Syntax-and-Concepts-Guide":{"id":"F-Foundations-Week-1-Syntax-and-Concepts-Guide","title":"F# Foundations: Week 1 Syntax and Concepts Guide","url":"f-foundations-week-1-syntax-and-concepts-guide.html","level":0,"tabIndex":0},"WeekOneConcepts":{"id":"WeekOneConcepts","title":"Week 1 Overview: Programming Concepts from the Lecture","url":"weekoneconcepts.html","level":0,"tabIndex":1},"F-Syntax-Covered-in-Week-1":{"id":"F-Syntax-Covered-in-Week-1","title":"F# Syntax Covered in Week 1","url":"f-syntax-covered-in-week-1.html","level":0,"tabIndex":2},"WeekOneHandsOn":{"id":"WeekOneHandsOn","title":"Week 1 Hands-On: F# Exercises","url":"weekonehandson.html","level":0,"tabIndex":3}}},"topLevelIds":["F-Foundations-Week-1-Syntax-and-Concepts-Guide","WeekOneConcepts","F-Syntax-Covered-in-Week-1","WeekOneHandsOn"]}